Management,"$83,888"
Business &amp; Financial Operations,"$63,237"
Computer &amp; Mathematical,"$74,686"
Architecture &amp; Engineering,"$73,712"
"Life, Physical, &amp; Social Science","$59,546"
Community &amp; Social Service,"$42,383"
Legal,"$62,456"
"Education, Training, &amp; Library","$48,193"
"Arts, Design, Entertainment, Sports, &amp; Media","$44,640"
Healthcare Practitioners &amp; Technical,"$60,519"
Healthcare Support,"$26,590"
Protective Service,"$38,327"
Food Preparation &amp; Serving Related,"$22,877"
Building &amp; Grounds Cleaning &amp; Maintenance,"$26,183"
Personal Care &amp; Service,"$24,792"
Sales &amp; Related,"$28,451"
Office &amp; Administrative Support,"$35,235"
"Farming, Fishing, &amp; Forestry","$32,999"
Construction &amp; Extraction,"$40,125"
"Installation, Maintenance, &amp; Repair","$44,394"
Production,"$34,711"
Transportation &amp; Material Moving,"$33,459"
