Management,"$101,778"
Business &amp; Financial Operations,"$71,198"
Computer &amp; Mathematical,"$86,938"
Architecture &amp; Engineering,"$90,447"
"Life, Physical, &amp; Social Science","$64,992"
Community &amp; Social Service,"$47,059"
Legal,"$69,240"
"Education, Training, &amp; Library","$54,260"
"Arts, Design, Entertainment, Sports, &amp; Media","$41,698"
Healthcare Practitioners &amp; Technical,"$58,080"
Healthcare Support,"$26,055"
Protective Service,"$39,975"
Food Preparation &amp; Serving Related,"$20,812"
Building &amp; Grounds Cleaning &amp; Maintenance,"$26,108"
Personal Care &amp; Service,"$23,925"
Sales &amp; Related,"$28,291"
Office &amp; Administrative Support,"$36,829"
"Farming, Fishing, &amp; Forestry","$32,132"
Construction &amp; Extraction,"$42,490"
"Installation, Maintenance, &amp; Repair","$48,910"
Production,"$36,123"
Transportation &amp; Material Moving,"$32,175"
