Management,"$106,069"
Business &amp; Financial Operations,"$69,229"
Computer &amp; Mathematical,"$89,591"
Architecture &amp; Engineering,"$87,398"
"Life, Physical, &amp; Social Science","$63,066"
Community &amp; Social Service,"$46,770"
Legal,"$75,660"
"Education, Training, &amp; Library","$47,080"
"Arts, Design, Entertainment, Sports, &amp; Media","$49,338"
Healthcare Practitioners &amp; Technical,"$78,934"
Healthcare Support,"$31,736"
Protective Service,"$44,929"
Food Preparation &amp; Serving Related,"$28,708"
Building &amp; Grounds Cleaning &amp; Maintenance,"$31,051"
Personal Care &amp; Service,"$30,249"
Sales &amp; Related,"$33,373"
Office &amp; Administrative Support,"$40,457"
"Farming, Fishing, &amp; Forestry","$30,912"
Construction &amp; Extraction,"$48,985"
"Installation, Maintenance, &amp; Repair","$49,359"
Production,"$39,858"
Transportation &amp; Material Moving,"$35,203"
