Management,"$105,331"
Business &amp; Financial Operations,"$78,998"
Computer &amp; Mathematical,"$87,526"
Architecture &amp; Engineering,"$99,745"
"Life, Physical, &amp; Social Science","$79,159"
Community &amp; Social Service,"$57,395"
Legal,"$89,249"
"Education, Training, &amp; Library","$62,905"
"Arts, Design, Entertainment, Sports, &amp; Media","$51,435"
Healthcare Practitioners &amp; Technical,"$95,305"
Healthcare Support,"$41,495"
Protective Service,"$60,380"
Food Preparation &amp; Serving Related,"$28,516"
Building &amp; Grounds Cleaning &amp; Maintenance,"$37,739"
Personal Care &amp; Service,"$32,464"
Sales &amp; Related,"$34,294"
Office &amp; Administrative Support,"$47,583"
"Farming, Fishing, &amp; Forestry","$48,824"
Construction &amp; Extraction,"$68,116"
"Installation, Maintenance, &amp; Repair","$66,094"
Production,"$47,401"
Transportation &amp; Material Moving,"$49,113"
